bhk,sqfeet,city,street,watersupply,service,age,preference,type,parking,furnishing,propertytype,currentsupply,actualrent,price
2,1100,chennai,Nungambakkam,No,Yes,24,family,lease,yes,Unfurnished,independent house,yes,10000,208500
2,800,chennai,Porur,No,No,29,bachelor(male),rent,no,semifurnished,apartment,yes,20000,181500
2,1000,chennai,Vaanagaram,Yes,Yes,20,bachelor(female),lease,yes,semifurnished,apartment,yes,17000,223500
2,800,chennai,Perungudi,No,Yes,32,family,rent,yes,Unfurnished,apartment,yes,10000,140000
2,850,chennai,West Mambalam,Yes,No,22,bachelor(female),rent,no,Unfurnished,independent house,yes,7500,250000
2,600,chennai,T Nagar,No,No,33,family,lease,yes,Unfurnished,independent house,yes,7000,143000
2,700,chennai,Kil Ayanambakkam,No,Yes,25,bachelor(male),lease,yes,Unfurnished,independent house,yes,10000,307000
1,250,chennai,Korattur,Yes,No,32,family,rent,yes,Unfurnished,apartment,yes,5000,200000
2,800,chennai,Adyar,Yes,Yes,22,bachelor(female),lease,yes,Unfurnished,independent house,yes,26000,129900
2,1000,chennai,Vaanagaram,Yes,No,24,bachelor(female),rent,yes,semifurnished,independent house,yes,10000,118000
3,1200,chennai,Sholinganallur,No,No,24,bachelor(male),lease,yes,semifurnished,independent house,yes,25000,129500
1,400,chennai,", Kil Ayanambakkam",Yes,No,26,family,rent,no,Unfurnished,independent house,yes,5000,345000
1,250,chennai,Korattur,Yes,Yes,26,family,lease,yes,Furnished,apartment,yes,6500,144000
1,375,chennai,Sembakkam,No,Yes,22,bachelor(female),rent,no,Unfurnished,apartment,no,5500,279500
3,900,chennai,Chitlapakkam,No,Yes,27,family,lease,yes,Unfurnished,independent house,yes,8500,157000
3,1286,chennai,Korattur,Yes,No,20,bachelor(female),rent,no,Furnished,independent house,yes,40000,132000
2,600,chennai,Arumbakkam,Yes,No,23,bachelor(female),rent,yes,semifurnished,apartment,yes,6000,149000
2,800,chennai,Anna Nagar East,No,Yes,24,bachelor(male),lease,yes,Unfurnished,apartment,yes,10000,90000
2,2000,chennai,Anna Nagar West,No,Yes,31,family,rent,yes,Unfurnished,independent house,yes,11000,159000
2,660,chennai,Valasaravakkam,No,No,20,bachelor(female),lease,yes,Unfurnished,independent house,yes,6000,139000
2,650,chennai,Sithalapakkam,Yes,Yes,25,bachelor(male),rent,yes,Unfurnished,apartment,yes,7900,325300
2,400,chennai,Virugambakkam,Yes,No,34,family,rent,no,Unfurnished,independent house,yes,9000,139400
1,300,chennai,KK Nagar,No,Yes,28,bachelor(female),lease,yes,Unfurnished,independent house,yes,4000,230000
3,1600,chennai,Raja Annamalai Puram,No,No,26,bachelor(male),rent,yes,Unfurnished,independent house,yes,6500,129900
1,400,chennai,Kodambakkam,Yes,Yes,22,bachelor(female),rent,no,semifurnished,independent house,yes,8000,154000
2,1000,chennai,Iyyappanthangal,No,No,30,family,lease,yes,Unfurnished,apartment,yes,7000,256300
1,355,chennai,West Saidapet,Yes,No,34,family,rent,yes,semifurnished,independent house,yes,5300,134800
2,1000,chennai,Mugalivakkam,No,Yes,30,bachelor(female),lease,yes,semifurnished,independent house,yes,6000,306000
2,800,chennai,Madipakkam,Yes,No,35,bachelor(male),rent,yes,Unfurnished,independent house,yes,8500,207500
2,850,chennai,Purasaiwakkam,No,No,33,family,rent,yes,Unfurnished,independent house,yes,12500,68500
1,350,chennai,Karapakkam,Yes,Yes,25,bachelor(female),lease,yes,Unfurnished,independent house,yes,7500,40000
2,900,chennai,Thoraipakkam,Yes,No,19,bachelor(male),rent,no,Unfurnished,apartment,yes,15000,149350
2,550,chennai,Anakaputhur,No,No,21,bachelor(female),lease,no,semifurnished,independent house,yes,6000,179900
2,500,chennai,Chromepet,Yes,No,27,bachelor(male),rent,yes,Unfurnished,independent house,yes,5000,165500
3,1100,chennai,Korattur,No,No,30,family,lease,yes,Unfurnished,independent house,yes,22000,277500
2,850,chennai,Thoraipakkam,No,Yes,20,bachelor(female),lease,no,semifurnished,independent house,yes,15000,309000
2,800,chennai,Nanganallur,Yes,No,29,family,rent,yes,Unfurnished,independent house,yes,12500,145000
2,630,chennai,Choolaimedu,Yes,Yes,20,bachelor(female),rent,no,Unfurnished,apartment,yes,7000,153000
2,900,chennai,Choolaimedu,No,No,19,bachelor(female),lease,yes,semifurnished,apartment,yes,21000,109000
1,270,chennai,Egattur,Yes,No,29,family,rent,no,semifurnished,apartment,yes,10000,82000
2,630,chennai,Kattupakkam,Yes,Yes,20,bachelor(female),lease,no,semifurnished,independent house,yes,7200,160000
3,1500,chennai,Egatoor,No,No,31,family,rent,yes,Furnished,independent house,yes,12000,170000
1,600,chennai,Ashok Nagar,No,No,27,bachelor(male),lease,yes,Unfurnished,independent house,yes,5000,144000
2,700,chennai,Valasaravakkam,Yes,No,20,bachelor(female),rent,no,semifurnished,apartment,yes,8500,130250
1,300,chennai,RA Puram,No,No,27,bachelor(male),rent,yes,semifurnished,independent house,yes,6000,141000
2,1300,chennai,Madhanandapuram,Yes,No,28,family,lease,yes,semifurnished,independent house,yes,10000,319900
2,400,chennai,Navalur,Yes,Yes,34,family,rent,yes,semifurnished,apartment,yes,4600,239686
2,650,chennai,Thoraipakkam,No,No,22,bachelor(female),lease,no,Unfurnished,independent house,yes,12000,249700
3,2000,chennai,Chromepet,Yes,No,31,family,lease,yes,semifurnished,independent house,yes,30000,113000
3,1068,bangalore,MG Road,Yes,No,31,family,rent,no,semifurnished,independent house,yes,15000,127000
1,150,bangalore,Brigade Road,No,No,24,bachelor(female),lease,yes,Furnished,apartment,no,7500,177000
1,450,bangalore,Church Street,Yes,No,20,bachelor(female),rent,yes,Unfurnished,independent house,yes,7500,114500
2,800,bangalore,VV Puram,Yes,Yes,27,bachelor(male),rent,no,Unfurnished,independent house,yes,5000,110000
2,1000,bangalore,Lavelle Road,No,Yes,29,bachelor(male),lease,yes,Unfurnished,independent house,yes,15000,385000
2,900,bangalore,Cunningham Road,No,No,19,bachelor(female),lease,no,semifurnished,independent house,yes,11000,130000
1,600,bangalore,Koramangala,Yes,Yes,34,family,rent,yes,Unfurnished,apartment,yes,7000,180500
2,1200,bangalore,Indiranagar,Yes,Yes,30,family,lease,yes,Unfurnished,independent house,yes,6000,172500
2,1200,bangalore,Jayanagar,No,No,29,bachelor(male),rent,no,semifurnished,independent house,no,6000,196500
2,650,bangalore,Basavanagud,Yes,Yes,32,bachelor(female),lease,yes,semifurnished,independent house,yes,7000,438780
2,720,bangalore,Marathahalli,No,Yes,18,bachelor(female),rent,no,semifurnished,independent house,yes,8500,124900
1,300,bangalore,Bellandur,Yes,No,24,bachelor(male),lease,yes,Unfurnished,apartment,yes,5000,158000
3,1200,bangalore,Sarjapur Road:,Yes,No,34,family,rent,yes,Unfurnished,independent house,no,30000,101000
2,700,salem,Annadhanapatti,No,Yes,26,bachelor(female),lease,no,Unfurnished,independent house,yes,10000,202500
3,2000,salem,Cantonment,No,No,31,family,rent,yes,semifurnished,apartment,yes,30000,140000
1,250,salem,Shevapet,No,Yes,29,bachelor(male),lease,yes,semifurnished,independent house,yes,3500,219500
2,1100,salem,Omalur,Yes,No,26,bachelor(female),rent,yes,Unfurnished,independent house,yes,8000,317000
1,300,salem,Suramangalam,Yes,Yes,21,bachelor(female),lease,no,Unfurnished,independent house,yes,5000,180000
2,600,salem,Yercaud,No,Yes,31,family,rent,yes,semifurnished,apartment,yes,7500,226000
2,800,salem,Ammapetta,Yes,Yes,25,bachelor(female),lease,no,Unfurnished,independent house,yes,6500,80000
1,680,salem,Valamudan,Yes,No,32,family,rent,yes,Unfurnished,independent house,yes,7500,225000
1,680,salem,Ganesapuram,Yes,No,35,bachelor(female),rent,yes,Unfurnished,apartment,yes,7500,244000
2,850,salem,Pudur,No,Yes,29,bachelor(male),lease,no,semifurnished,independent house,yes,16000,129500
2,850,salem,Shevapet,Yes,Yes,30,family,rent,yes,semifurnished,independent house,no,16000,185000
2,700,coimbatore,Nehru Park Road,Yes,No,29,bachelor(male),rent,no,Unfurnished,apartment,yes,6500,144900
3,1500,coimbatore,Avinashi Road,Yes,No,26,bachelor(female),lease,yes,Unfurnished,independent house,yes,40000,107400
2,950,coimbatore,Oppanakara Street,No,Yes,31,bachelor(male),rent,yes,semifurnished,independent house,yes,12500,91000
2,500,coimbatore,RS Puram Road,Yes,No,26,bachelor(female),rent,no,Unfurnished,independent house,yes,5500,135750
1,450,coimbatore,Suguna Street,Yes,No,34,family,lease,yes,semifurnished,apartment,yes,5000,127000
2,700,coimbatore,Peelamedu Road,No,Yes,20,bachelor(male),rent,no,Unfurnished,independent house,yes,6500,136500
1,500,coimbatore,Saibaba Colony,Yes,No,18,bachelor(female),rent,no,Unfurnished,independent house,yes,8000,110000
3,1800,coimbatore,ukadam,No,Yes,26,family,lease,yes,semifurnished,independent house,yes,14500,193500
1,500,coimbatore,Mettupalayam Road,Yes,No,35,family,lease,yes,semifurnished,apartment,yes,8200,153500
2,480,coimbatore,Ramnagar Road,Yes,Yes,34,family,rent,yes,Furnished,independent house,no,15000,245000
6,1000,dindigul,Palani,Yes,Yes,19,bachelor(male),lease,no,semifurnished,apartment,yes,20000,126500
2,800,dindigul,Ottanchattaram,No,Yes,18,bachelor(female),rent,yes,Furnished,independent house,yes,6700,168500
1,435,dindigul,Nethaji Nagar,No,No,29,family,lease,no,Unfurnished,independent house,yes,10000,260000
2,700,dindigul,Saveriyar Palayam,No,No,22,bachelor(female),rent,yes,semifurnished,apartment,yes,7000,174000
2,800,dindigul,Mengles Road,Yes,No,28,bachelor(male),rent,yes,Furnished,independent house,yes,22000,164500
2,450,dindigul,Nariparai,Yes,Yes,23,bachelor(female),lease,no,Unfurnished,independent house,yes,6500,85000
2,550,dindigul,Ilupaimaram Nagar,No,No,32,family,rent,yes,semifurnished,independent house,yes,8500,123600
2,800,dindigul,Saveriyar Palayam,No,Yes,28,family,lease,no,Unfurnished,apartment,yes,18000,109900
2,550,dindigul,Bavasha Street,Yes,No,21,bachelor(female),rent,yes,semifurnished,independent house,yes,12000,98600
1,600,dindigul,Post Office Road,Yes,Yes,35,bachelor(male),lease,yes,Furnished,independent house,yes,9000,163500
1,500,dindigul,Kakkan Nagar,No,No,32,family,rent,no,Unfurnished,independent house,yes,6000,133900
2,1000,dindigul,N.K.B. Nagar,No,No,19,bachelor(male),lease,yes,Furnished,apartment,yes,20000,204750
1,300,dindigul,Kaliamman Kovil Street,Yes,Yes,34,family,rent,no,Unfurnished,apartment,no,5000,185000
2,1200,dindigul,Enamel Factory Road,No,Yes,28,family,lease,no,Furnished,independent house,no,12000,214000
2,500,dindigul,Arockiamadha Street,No,Yes,22,bachelor(female),rent,yes,semifurnished,apartment,yes,10000,94750
4,1200,dindigul,Mengles Road,No,Yes,25,bachelor(male),lease,no,Unfurnished,independent house,no,18000,83000
2,900,kolkata,Bandel,No,Yes,30,family,lease,Yes,semifurnished,independent house,yes,15000,128950
3,1300,kolkata,Phool Bagan,Yes,No,25,bachelor(male),rent,No,Unfurnished,independent house,no,22000,205000
4,1600,kolkata,Salt Lake City Sector 2,Yes,No,32,family,rent,Yes,Unfurnished,independent house,yes,35000,178000
3,1450,kolkata,Dumdum Park,Yes,Yes,26,family,lease,Yes,Unfurnished,independent house,yes,21000,118964
2,1100,kolkata,South Dum Dum,No,Yes,30,bachelor(male),rent,No,Furnished,independent house,no,25000,198900
2,950,kolkata,Thakurpukur,No,No,18,bachelor(female),lease,No,Unfurnished,apartment,yes,180000,169500
1,600,kolkata,Malancha,Yes,Yes,23,bachelor(female),rent,Yes,Unfurnished,apartment,yes,6000,250000
2,700,kolkata,Malancha,No,Yes,21,bachelor(male),lease,No,Unfurnished,apartment,yes,14000,100000
3,750,kolkata,Palm Avenue kolkata,Yes,No,34,family,rent,Yes,Unfurnished,independent house,yes,8000,115000
2,1000,kolkata,Natunhat,Yes,No,28,family,lease,No,Unfurnished,independent house,yes,8000,115000
1,220,kolkata, Rajarhat Newtown,Yes,No,24,bachelor(female),rent,No,Furnished,apartment,yes,6000,190000
1,300,kolkata,Keshtopur,No,No,26,bachelor(male),lease,No,semifurnished,independent house,no,8000,136900
1,300,kolkata,Keshtopur,Yes,No,34,family,rent,Yes,Unfurnished,independent house,yes,6000,180000
1,700,kolkata,Dum Dum Metro,Yes,Yes,27,family,lease,Yes,semifurnished,independent house,no,20000,383970
3,800,kolkata,Paschim Barisha,No,Yes,25,bachelor(female),lease,Yes,Unfurnished,independent house,yes,12000,217000
3,1600,kolkata,New Town Action Area 1,Yes,Yes,20,bachelor(male),rent,No,Unfurnished,independent house,no,15000,259500
2,1000,kolkata,Barasat,Yes,Yes,28,bachelor(female),lease,No,Unfurnished,independent house,yes,14000,176000
1,20,kolkata,Behala,No,No,18,bachelor(female),rent,Yes,Unfurnished,independent house,yes,5000,139000
2,400,kolkata,Behala Chowrasta,No,No,26,family,rent,Yes,Unfurnished,apartment,yes,7000,155000
1,200,kolkata,Behala,Yes,No,21,bachelor(male),lease,No,Furnished,apartment,yes,3900,320000
3,840,kolkata,Santoshpur,No,Yes,29,family,lease,Yes,Unfurnished,apartment,yes,14000,163990
1,300,kolkata,Garia Station,Yes,No,29,family,rent,No,Unfurnished,apartment,no,6300,180000
2,550,kolkata,Garia Station,Yes,No,33,bachelor(female),lease,Yes,Furnished,apartment,yes,13000,100000
1,300,kolkata,Joka,No,No,18,bachelor(male),rent,No,Unfurnished,independent house,yes,6800,136000
2,800,kolkata,Sreebhumi,No,Yes,19,bachelor(male),lease,Yes,Unfurnished,apartment,no,8000,153900
2,740,kolkata,Rajarhat,No,No,18,bachelor(female),rent,No,Unfurnished,apartment,yes,10000,181000
2,1300,kolkata,Dum Dum,No,No,34,family,lease,No,Unfurnished,independent house,yes,18000,84500
2,650,kolkata,Kodalia,Yes,Yes,24,bachelor(female),rent,Yes,semifurnished,apartment,yes,8000,128000
2,490,kolkata,Baguiati,Yes,No,23,bachelor(male),lease,No,semifurnished,independent house,yes,8000,87000
1,250,kolkata,Rabindra Sarobar Area,Yes,Yes,26,family,rent,No,Furnished,independent house,yes,4700,155000
1,250,kolkata,Baghajatin,No,No,27,family,rent,Yes,Furnished,independent house,yes,4700,150000
1,450,kolkata,Project Kaikhali,Yes,Yes,21,bachelor(female),lease,No,Unfurnished,apartment,no,4500,226000
1,300,kolkata,Vip Road,Yes,Yes,29,bachelor(male),rent,No,semifurnished,apartment,no,6000,244000
2,750,kolkata,Baruipur,No,Yes,27,bachelor(male),lease,No,Unfurnished,independent house,yes,16000,150750
1,250,kolkata,Dumdum Park,No,Yes,25,family,rent,No,Furnished,independent house,yes,4700,220000
2,751,kolkata,Sreebhumi,No,Yes,23,bachelor(female),rent,Yes,Unfurnished,independent house,no,14000,180000
2,900,kolkata,Shyam Bazar,No,No,20,bachelor(male),lease,No,semifurnished,independent house,yes,9000,174000
2,400,kolkata,Birati,Yes,No,31,family,rent,Yes,semifurnished,independent house,no,5000,143000
2,1000,kolkata,Bansdroni,No,Yes,31,family,rent,No,semifurnished,independent house,yes,17500,171000
2,1000,kolkata,Jadavpur University,Yes,Yes,25,bachelor(male),rent,No,Unfurnished,apartment,no,8500,230000
3,1500,kolkata,Birati,No,No,21,bachelor(female),lease,Yes,semifurnished,apartment,no,15000,231500
2,750,kolkata,Bhadrakali,Yes,No,29,family,rent,No,Unfurnished,apartment,yes,12500,115000
1,1200,kolkata,Behala,No,No,35,family,lease,No,semifurnished,apartment,yes,13000,260000
2,700,kolkata,Baruipur,No,No,35,family,rent,No,Unfurnished,apartment,no,8000,166000
2,700,kolkata,Ballygunge,Yes,Yes,34,family,lease,No,Furnished,apartment,yes,8000,204000
2,1000,kolkata,Kalikapur,No,No,29,family,rent,No,semifurnished,apartment,yes,8000,125000
2,1200,kolkata,Behala,Yes,Yes,29,bachelor(female),lease,Yes,Unfurnished,apartment,yes,7000,130000
2,550,kolkata, Patuli,Yes,No,20,bachelor(female),rent,No,Furnished,apartment,no,2200,105000
2,800,kolkata,Behala,Yes,No,29,family,lease,No,Unfurnished,apartment,yes,8000,222500
2,280,kolkata,Bansdroni,Yes,Yes,30,family,rent,No,Unfurnished,independent house,no,5500,141000
3,1100,kolkata,Salt Lake City,No,No,34,family,lease,No,Unfurnished,independent house,yes,20000,115000
2,950,kolkata,New Town,No,No,19,bachelor(male),rent,Yes,Unfurnished,independent house,yes,7000,122000
1,250,kolkata,Baruipur,Yes,No,23,bachelor(female),lease,Yes,Furnished,apartment,no,3500,372402
2,1000,kolkata,Bansdroni,Yes,Yes,24,family,rent,Yes,Unfurnished,apartment,yes,5000,190000
3,1000,kolkata,Pancha Sayar,No,Yes,20,bachelor(female),rent,No,semifurnished,apartment,no,20000,235000
2,650,kolkata,Behala,Yes,No,29,family,lease,No,Unfurnished,apartment,yes,7000,125000
2,700,kolkata,Hooghly-Chinsurah,Yes,No,19,bachelor(female),rent,Yes,Unfurnished,apartment,yes,10000,79000
2,700,kolkata,Hooghly-Chinsurah,No,Yes,19,bachelor(female),rent,No,Unfurnished,independent house,no,7000,109500
3,1000,kolkata,Amtala,Yes,No,23,bachelor(male),lease,Yes,semifurnished,independent house,yes,12000,269500
2,900,kolkata,Shrachi Village,Yes,No,32,family,rent,Yes,Unfurnished,independent house,no,14500,254900
1,700,kolkata,Kasba,No,No,33,family,rent,Yes,Unfurnished,independent house,yes,6000,320000
2,700,kolkata,VIP Road Haldiram,No,Yes,25,bachelor(female),lease,No,Unfurnished,apartment,yes,9500,162500
2,450,kolkata,Sarsuna,No,Yes,24,bachelor(female),rent,Yes,semifurnished,independent house,no,10000,412500
1,120,kolkata,Naihati,No,No,20,bachelor(female),rent,Yes,Unfurnished,independent house,yes,3500,220000
2,800,kolkata,Baksara,Yes,Yes,25,bachelor(male),rent,No,semifurnished,independent house,yes,9000,103200
3,1220,kolkata,Naihati,Yes,No,29,family,lease,Yes,Unfurnished,apartment,yes,40000,152000
3,1100,kolkata,Kasba,No,Yes,28,bachelor(female),rent,Yes,Unfurnished,independent house,no,16500,127500
3,700,kolkata,Diamond Harbour Road,No,No,19,bachelor(male),lease,No,Unfurnished,independent house,yes,8000,190000
2,800,kolkata,Thakurpukur,No,No,27,bachelor(female),rent,No,Furnished,independent house,no,12000,325624
2,670,kolkata,Jadavpur,No,No,25,bachelor(male),rent,Yes,Unfurnished,apartment,yes,6500,183500
4,1300,kolkata,Jadavpur,Yes,No,28,bachelor(male),lease,No,Unfurnished,independent house,yes,40000,228000
1,190,kolkata,Salt Lake City Sector 1,No,No,30,family,rent,Yes,semifurnished,apartment,no,5000,128500
2,700,kolkata,Salt Lake City Sector 1,Yes,Yes,33,family,rent,Yes,semifurnished,independent house,yes,9000,215000
1,240,kolkata,Bandel,No,No,18,bachelor(female),lease,No,Unfurnished,independent house,no,7000,239000
2,850,kolkata,Beliaghata,No,No,28,bachelor(male),rent,No,semifurnished,apartment,yes,18000,163000
1,950,kolkata,Rajarhat,No,Yes,26,family,lease,No,Unfurnished,independent house,yes,9000,184000
1,450,kolkata,Patuli,No,Yes,23,bachelor(female),rent,No,Furnished,independent house,no,5500,243000
2,800,kolkata,Dum Dum Heights,No,No,23,bachelor(male),lease,Yes,Unfurnished,independent house,yes,7500,211000
2,600,kolkata,Sonarpur,Yes,No,19,bachelor(female),rent,Yes,Unfurnished,apartment,no,4000,172500
3,800,kolkata,Lake Town,Yes,Yes,18,bachelor(female),lease,Yes,Unfurnished,independent house,no,10500,501837
3,1100,kolkata,Belghoria,Yes,No,25,family,rent,No,Unfurnished,apartment,yes,15000,100000
2,800,kolkata,Rabindra Pally,Yes,Yes,27,family,lease,Yes,Furnished,independent house,yes,15000,177000
1,2200,kolkata,shukhobrishti,No,Yes,18,bachelor(female),rent,Yes,Furnished,independent house,yes,50000,200100
2,950,kolkata,Sonarpur,No,No,29,bachelor(male),lease,No,Unfurnished,apartment,No,12000,120000
2,550,kolkata,Baishnavghata patuli,Yes,Yes,19,bachelor(female),lease,No,Unfurnished,independent house,No,11000,200000
2,1800,kolkata,Kasba,Yes,No,21,bachelor(female),rent,No,Unfurnished,independent house,Yes,12000,127000
2,1000,kolkata,Dum Dum Metro,Yes,Yes,26,bachelor(male),lease,No,Furnished,independent house,No,8000,475000
2,600,kolkata,Hazra,No,Yes,25,bachelor(female),rent,Yes,semifurnished,apartment,Yes,18000,173000
2,750,kolkata,Ajoy Nagar,Yes,Yes,35,family,rent,No,semifurnished,independent house,No,8000,135000
2,685,kolkata,Kasba -East,No,No,31,family,lease,Yes,Unfurnished,apartment,No,7000,153337
1,44,kolkata,Salt Lake City,No,No,33,family,lease,No,Furnished,apartment,No,6500,286000
4,1200,kolkata,Baghajatin,No,Yes,30,bachelor(female),rent,Yes,Unfurnished,apartment,Yes,13000,315000
2,500,kolkata,Behala,Yes,No,28,bachelor(male),lease,No,Unfurnished,independent house,Yes,9000,184000
4,1110,kolkata,New Garia,No,No,20,bachelor(female),rent,No,Unfurnished,independent house,Yes,10000,192000
2,1000,kolkata,Anandapur,No,Yes,24,bachelor(female),lease,Yes,Unfurnished,independent house,No,12000,130000
2,392,kolkata,Dum Dum Metro,No,No,30,family,rent,No,Unfurnished,apartment,No,5000,127000
2,700,kolkata,Boral,No,Yes,18,bachelor(female),lease,Yes,Unfurnished,independent house,Yes,6000,148500
1,750,kolkata,Rabindra Pally,Yes,No,31,family,rent,Yes,Unfurnished,independent house,Yes,5200,311872
3,1500,kolkata,Bagbazar,Yes,No,24,bachelor(female),lease,Yes,family,independent house,No,15000,235000
2,900,kolkata,Salt Lake City Sector 1,Yes,Yes,22,bachelor(male),rent,Yes,Unfurnished,independent house,Yes,9000,104000
1,710,kolkata,Salt Lake City Sector 2,Yes,No,26,bachelor(female),lease,No,Furnished,apartment,No,24000,274900
1,400,kolkata,Salt Lake City Sector 3,No,Yes,25,bachelor(male),rent,No,Unfurnished,apartment,Yes,5500,140000
1,700,kolkata,Ajoy Nagar,No,No,26,bachelor(female),lease,Yes,Unfurnished,independent house,No,10000,171500
2,1000,kolkata,Action Area 1,Yes,No,20,bachelor(female),rent,Yes,semifurnished,independent house,Yes,15000,112000
1,250,kolkata,Avenue S,Yes,No,27,bachelor(female),lease,No,Furnished,apartment,No,4700,149000
1,500,kolkata,Pratiraksha Nagar,Yes,Yes,34,family,rent,Yes,semifurnished,apartment,No,5000,110000
2,450,kolkata,Kudghat,Yes,Yes,27,bachelor(male),lease,Yes,semifurnished,independent house,Yes,5000,180500
3,1400,kolkata,Sakher Bazar,No,Yes,29,family,rent,No,Unfurnished,independent house,No,15000,143900
1,500,kolkata,Purbasan,No,No,32,bachelor(female),rent,Yes,semifurnished,apartment,No,5000,141000
2,700,kolkata,Bidhan Pally,Yes,No,32,bachelor(male),lease,Yes,Unfurnished,independent house,Yes,6000,277000
3,1200,kolkata,Naktala,No,Yes,33,family,lease,No,semifurnished,independent house,No,18000,145000
2,450,kolkata,Tiljala Road,No,No,22,bachelor(female),rent,No,Unfurnished,independent house,No,8000,98000
1,500,kolkata,Sankaritola,Yes,Yes,30,family,lease,No,Furnished,independent house,No,13000,186000
2,400,kolkata,Parnashree Lake,Yes,No,32,family,rent,No,Unfurnished,apartment,No,7500,252678
3,1000,kolkata,Garia,No,No,23,bachelor(female),lease,Yes,Unfurnished,independent house,Yes,12000,156000
2,750,kolkata,Kasba,Yes,Yes,26,bachelor(male),rent,Yes,Unfurnished,independent house,No,11000,161750
1,450,kolkata,Dakshineswar,No,No,27,bachelor(female),lease,No,Unfurnished,independent house,Yes,6000,134450
3,1000,kolkata,chatana,Yes,Yes,23,family,rent,No,Unfurnished,independent house,No,20000,210000
2,500,kolkata,Shyam Bazar,No,No,25,bachelor(female),lease,No,Unfurnished,independent house,No,7000,107000
4,1600,kolkata,Mukundapur,No,No,31,bachelor(male),rent,No,Unfurnished,apartment,Yes,30000,311500
2,550,kolkata,Salt Lake City Sector 5,Yes,No,27,bachelor(female),rent,Yes,Unfurnished,independent house,No,7500,167240
1,550,kolkata,Salt Lake City Sector 5,Yes,Yes,31,family,lease,No,Unfurnished,independent house,No,6500,204900
1,200,kolkata,Salt Lake City Sector 5,No,No,20,bachelor(female),rent,Yes,Unfurnished,independent house,No,3000,200000
2,650,kolkata,Behala Chowrasta,No,Yes,23,bachelor(male),lease,No,Unfurnished,independent house,No,5200,179900
2,1000,kolkata,Sonarpur,Yes,Yes,31,family,rent,No,Furnished,independent house,No,25000,97000
2,680,kolkata,Santoshpur,No,No,33,family,rent,No,Unfurnished,apartment,Yes,12500,386250
2,720,kolkata,Garia Station,Yes,Yes,34,bachelor(male),lease,No,Unfurnished,apartment,No,8500,112000
2,500,kolkata,Entally,No,No,31,family,rent,No,Unfurnished,apartment,No,3500,290000
2,800,kolkata,Kaikhali,Yes,No,31,bachelor(male),rent,Yes,Unfurnished,independent house,No,7000,106000
1,160,kolkata,Dash Drone,No,Yes,33,bachelor(female),lease,Yes,Unfurnished,independent house,No,3000,125000
2,1200,kolkata,Rabindra Pally,Yes,No,30,bachelor(male),rent,Yes,Unfurnished,independent house,Yes,14000,192500
1,700,kolkata,Salt Lake City Sector 1,No,No,35,bachelor(male),lease,Yes,Furnished,independent house,Yes,18000,148000
1,1000,kolkata,Rajdanga Gardens,Yes,Yes,27,bachelor(female),rent,No,semifurnished,independent house,Yes,3500,403000
2,1250,kolkata,Kaikhali,No,No,34,bachelor(male),rent,No,Unfurnished,apartment,No,16000,94500
4,1600,kolkata,Baghajatin,No,No,33,family,lease,Yes,Unfurnished,apartment,No,35000,128200
2,700,kolkata,Lake Town,No,Yes,24,bachelor(female),rent,Yes,semifurnished,apartment,Yes,21000,216500
1,450,kolkata,Keshtopur,Yes,No,33,family,lease,Yes,Unfurnished,independent house,No,4500,89500
2,839,kolkata,Salt Lake City,No,No,32,family,rent,No,semifurnished,independent house,Yes,15000,185500
1,230,kolkata,South Baksara,Yes,Yes,25,bachelor(female),lease,Yes,Unfurnished,apartment,Yes,4500,194500
1,1800,kolkata,Chandannagar,No,Yes,20,bachelor(female),lease,No,Unfurnished,independent house,Yes,5500,318000
2,800,kolkata,Sukhpally,Yes,No,33,bachelor(male),rent,No,Unfurnished,independent house,No,8500,113000
1,500,kolkata,Kasba,No,No,24,family,rent,No,semifurnished,independent house,Yes,5000,262500
2,620,kolkata,Sakher Bazar,Yes,Yes,29,bachelor(male),lease,Yes,Unfurnished,independent house,Yes,8500,110500
2,650,kolkata,Garia Dhalua Nabapally,No,No,23,bachelor(female),rent,No,Unfurnished,independent house,No,9000,79000
1,550,kolkata,Chinar Park,No,Yes,20,bachelor(female),lease,No,semifurnished,independent house,Yes,7500,120000
2,450,kolkata,Konnagar,Yes,No,31,family,rent,No,Furnished,independent house,Yes,7000,205000
3,1350,kolkata,Behala silpara,Yes,No,19,bachelor(female),lease,No,Unfurnished,apartment,No,15000,241500
2,600,kolkata,Vip Road,No,No,20,bachelor(male),lease,Yes,semifurnished,apartment,No,7000,137000
3,1200,kolkata,New Barrakpur,No,Yes,25,family,rent,Yes,Furnished,apartment,Yes,10000,140000
2,700,kolkata,Thakurpukur,No,Yes,18,bachelor(female),lease,Yes,Unfurnished,apartment,No,7000,180000
3,800,kolkata,Kaikhali,Yes,No,29,family,rent,Yes,Furnished,apartment,Yes,3200,277000
2,600,kolkata,"Phool Bagan, Kankurgachi",Yes,No,23,bachelor(female),lease,No,semifurnished,independent house,Yes,6000,76500
2,900,kolkata,Hindmotor,No,Yes,28,family,rent,No,Unfurnished,apartment,No,12000,235000
2,750,kolkata,Salt Lake City Sector 1,Yes,No,23,bachelor(female),lease,Yes,Unfurnished,apartment,No,6000,173000
3,1250,kolkata,Howrah,Yes,Yes,23,bachelor(female),rent,Yes,Unfurnished,independent house,No,10000,158000
3,1000,kolkata,Benia Pukur,No,Yes,25,bachelor(male),lease,Yes,semifurnished,independent house,No,12000,145000
2,600,kolkata,Baguiati,No,No,23,family,rent,Yes,semifurnished,independent house,Yes,8000,230000
2,650,kolkata,E M Bypass,Yes,Yes,26,bachelor(female),lease,No,Unfurnished,apartment,Yes,5300,207500
2,450,kolkata,"Panchanan Tola, Thakurpukur",Yes,No,27,bachelor(female),lease,No,Unfurnished,apartment,Yes,5000,220000
3,800,kolkata,"VIP Nagar, E M Bypass",No,No,29,bachelor(male),rent,Yes,Unfurnished,apartment,No,8500,231500
3,1000,kolkata,Jadavpur,Yes,No,35,family,lease,No,semifurnished,independent house,Yes,22000,97000
2,1000,kolkata,Behala,Yes,Yes,26,bachelor(female),rent,Yes,Unfurnished,independent house,No,7000,176000
3,1400,kolkata,Dum Dum Cantonment,Yes,No,25,bachelor(female),rent,No,Furnished,apartment,Yes,25000,276000
2,600,kolkata,New Garia,No,Yes,28,bachelor(male),lease,Yes,semifurnished,independent house,No,7000,151000
2,723,kolkata,Salt Lake City Sector 3,No,Yes,31,family,lease,Yes,Furnished,independent house,No,15000,130000
1,320,kolkata,Mominpur,Yes,No,26,bachelor(female),rent,No,Unfurnished,independent house,Yes,6000,73000
2,900,kolkata,Halisahar Station Road,No,Yes,23,bachelor(male),lease,Yes,semifurnished,independent house,No,8000,175500
3,1400,kolkata,Santoshpur,No,No,22,family,rent,No,Furnished,independent house,Yes,40000,185000
1,2160,kolkata,Dunlop,Yes,No,25,bachelor(female),lease,No,semifurnished,independent house,Yes,6000,179500
2,650,kolkata,Ballygunge,Yes,No,28,family,rent,No,semifurnished,independent house,Yes,15000,120500
2,800,kolkata,Baguihati,No,Yes,32,bachelor(female),lease,Yes,semifurnished,apartment,Yes,6500,148000
3,800,kolkata,Kabardanga,Yes,No,25,bachelor(male),rent,No,semifurnished,apartment,No,8000,266000
1,500,kolkata,Jadavpur,No,No,33,bachelor(female),lease,No,Unfurnished,apartment,No,5500,241500
3,1700,kolkata,Behala Chowrasta,No,Yes,32,family,rent,Yes,semifurnished,apartment,Yes,9000,290000
1,130,kolkata,Haltu,Yes,No,31,bachelor(male),lease,No,semifurnished,apartment,Yes,6000,139000
1,505,kolkata,Botanical Garden Area,No,No,31,family,lease,No,Furnished,independent house,No,15000,124500
4,4000,kolkata,Bonhooghly,Yes,Yes,21,bachelor(female),rent,Yes,Furnished,apartment,Yes,30000,205000
3,1250,kolkata,Nilgung Old Bazar,No,No,28,bachelor(male),lease,No,Unfurnished,apartment,Yes,30000,201000
1,700,kolkata,Teghoria,No,Yes,20,bachelor(female),rent,Yes,Unfurnished,independent house,No,5000,141000
2,900,kolkata,Survey Park,No,No,26,family,lease,No,Unfurnished,independent house,Yes,15000,415298
1,650,kolkata,Baguiati,Yes,No,19,bachelor(male),rent,No,semifurnished,independent house,Yes,6500,192000
2,750,kolkata,Kanchrapara,No,Yes,28,bachelor(female),rent,Yes,Furnished,independent house,No,4500,228500
2,450,kolkata,"Jote Shibrampur, Joth Shibrampur",Yes,Yes,30,family,lease,Yes,Unfurnished,independent house,No,7000,185000
1,350,kolkata,Ultadanga,No,Yes,23,bachelor(female),rent,Yes,semifurnished,independent house,No,6500,207500
1,480,kolkata,Birati,Yes,Yes,34,bachelor(male),lease,Yes,Furnished,independent house,No,17500,244600
2,900,kolkata,"Chinar Park, Rajarhat",No,Yes,31,family,rent,Yes,Unfurnished,independent house,Yes,10000,179200
1,200,kolkata,Bagha Jatin Pally,Yes,No,21,bachelor(female),lease,No,semifurnished,independent house,Yes,1500,164700
3,1100,kolkata,rishi aurobindo sarani neat NIOH hospital,Yes,Yes,20,bachelor(female),rent,Yes,Unfurnished,independent house,No,25000,159000
2,800,kolkata,Dum Dum Metro,No,Yes,30,family,lease,Yes,Unfurnished,independent house,No,12000,88000
3,1000,kolkata,Baranagar,Yes,Yes,18,bachelor(female),rent,Yes,Furnished,independent house,No,7500,122000
1,800,kolkata,Tollygunge,No,No,25,bachelor(female),lease,No,Unfurnished,independent house,No,7000,153575
1,200,kolkata,Airport Near Gate No. 21/2,Yes,Yes,26,bachelor(male),rent,Yes,semifurnished,independent house,Yes,3500,233230
3,1190,kolkata,Purbasa,No,Yes,23,bachelor(female),lease,Yes,Unfurnished,independent house,No,10000,135900
2,900,kolkata,Jadavpur,Yes,No,31,family,lease,No,Unfurnished,apartment,Yes,14000,131000
2,1500,kolkata,Jadavpur,Yes,No,30,family,lease,No,Unfurnished,apartment,No,15000,235000
2,600,kolkata,Barasat-Barrackpore Road,No,Yes,35,family,rent,Yes,Unfurnished,apartment,No,6500,167000
3,800,kolkata,Keshtopur,No,Yes,23,bachelor(female),lease,Yes,Unfurnished,independent house,No,10000,142500
2,800,kolkata,Chowrashtra Behala,Yes,Yes,32,family,rent,Yes,Unfurnished,independent house,No,10500,152000
3,900,kolkata,Keshtopur,No,No,21,bachelor(female),lease,No,semifurnished,apartment,No,10000,239000
1,350,kolkata,Salt Lake City Sector 1,No,No,22,bachelor(male),rent,No,semifurnished,independent house,Yes,5000,175000
2,800,kolkata,jadavpur central park east,Yes,No,22,bachelor(female),lease,No,Unfurnished,independent house,Yes,9000,158500
2,1600,kolkata,Garia,No,Yes,29,family,lease,Yes,Unfurnished,apartment,Yes,20000,157000
3,1012,kolkata,Tn Chatterjee Street,Yes,No,29,family,rent,No,semifurnished,apartment,Yes,35000,267000
3,1200,kolkata,Kaikhali,No,Yes,23,bachelor(female),lease,Yes,Unfurnished,apartment,No,15000,205000
2,700,kolkata,Bata Nagar,Yes,No,24,bachelor(male),rent,No,Furnished,independent house,No,20000,149900
2,1000,kolkata,Birati,No,Yes,33,bachelor(female),rent,Yes,semifurnished,independent house,Yes,12000,295000
2,800,kolkata,Survey Park,No,Yes,35,family,lease,Yes,Unfurnished,apartment,Yes,8000,305900
1,500,kolkata,Bata Nagar,Yes,No,26,bachelor(female),lease,No,semifurnished,independent house,Yes,3000,225000
3,1200,kolkata,Hatiara Extention,Yes,No,24,bachelor(male),rent,No,semifurnished,independent house,No,20000,89500
1,450,kolkata,Salt Lake City Sector 1,No,Yes,29,bachelor(female),lease,Yes,Unfurnished,independent house,Yes,9000,82500
3,950,kolkata,Andul,Yes,No,26,bachelor(male),rent,No,Unfurnished,independent house,No,13000,360000
1,350,kolkata,Salt Lake City Sector 2,No,Yes,30,family,lease,Yes,Unfurnished,independent house,No,7000,165600
1,450,kolkata,locality,Yes,No,30,family,lease,No,Unfurnished,apartment,No,9000,132000
1,550,kolkata,Khardah,No,Yes,33,bachelor(male),rent,Yes,semifurnished,apartment,Yes,9000,119900
2,300,kolkata,Parnasree Pally,No,No,20,bachelor(male),lease,No,Unfurnished,apartment,No,10000,375000
3,1250,kolkata,Baghajatin,Yes,Yes,29,bachelor(female),rent,Yes,semifurnished,independent house,No,15000,178000
2,700,kolkata,Salt Lake City Sector 3,No,Yes,23,family,lease,Yes,Unfurnished,independent house,No,7000,188500
3,812,kolkata,sarsuna banerjee para,No,No,19,bachelor(female),rent,No,Unfurnished,independent house,No,8000,260000
2,550,kolkata,Salt Lake City Sector 3,Yes,Yes,21,bachelor(female),lease,Yes,Unfurnished,independent house,Yes,8000,270000
1,500,kolkata,Near Seven Tanks Road Dumdum Station,No,No,24,bachelor(male),lease,No,semifurnished,independent house,Yes,5000,260000
1,320,kolkata,Jyangra,No,Yes,29,family,rent,Yes,Furnished,apartment,Yes,14000,187500
2,600,kolkata,Barasat,Yes,Yes,24,bachelor(female),lease,Yes,Unfurnished,apartment,Yes,5000,342643
2,420,kolkata,Sukchar,No,No,25,bachelor(male),rent,No,Unfurnished,apartment,No,5000,354000
3,1100,kolkata,Tagore Park,No,No,32,family,rent,No,Unfurnished,independent house,No,12000,301000
1,220,kolkata,Barrackpore,Yes,No,20,bachelor(female),lease,No,Unfurnished,independent house,Yes,3200,126175
2,700,kolkata,Silpara,No,No,20,bachelor(female),lease,No,semifurnished,apartment,Yes,8500,242000
3,1200,kolkata,Konnagar,No,Yes,26,family,rent,Yes,Unfurnished,independent house,Yes,16000,87000
2,800,kolkata,Madhyam Gram,Yes,Yes,27,bachelor(female),lease,Yes,Unfurnished,independent house,Yes,14000,324000
1,300,kolkata,Kudghat,Yes,No,21,family,rent,No,Furnished,independent house,No,8000,145250
2,650,kolkata,Salt Lake City Sector 5,No,No,31,bachelor(female),lease,No,Unfurnished,independent house,No,7000,214500
1,600,kolkata,Salt Lake City Sector 3,Yes,No,26,family,rent,No,Furnished,independent house,Yes,8000,78000
1,350,kolkata,Dum Dum Cantonment,No,Yes,23,bachelor(female),lease,Yes,Unfurnished,independent house,No,3000,119000
1,500,kolkata,Kasba,No,Yes,19,bachelor(male),rent,Yes,Unfurnished,independent house,Yes,3800,139000
1,400,kolkata,Salt Lake City,Yes,No,33,family,lease,No,Unfurnished,apartment,No,6500,284000
3,1750,kolkata,Lake Gardens,No,Yes,19,bachelor(female),rent,Yes,semifurnished,apartment,Yes,20000,207000
3,1600,kolkata,Silpara,No,No,19,bachelor(female),lease,No,Unfurnished,apartment,Yes,30000,192000
1,300,kolkata,Howrah,Yes,Yes,30,family,rent,Yes,semifurnished,apartment,No,8000,228950
2,1100,kolkata,Birati,No,Yes,23,bachelor(female),lease,Yes,semifurnished,apartment,Yes,14000,377426
2,830,kolkata,Baranagar,Yes,No,31,family,lease,Yes,Unfurnished,independent house,No,7200,214000
2,600,kolkata,Baguihati,Yes,No,35,family,rent,Yes,semifurnished,apartment,No,7000,202500
1,500,kolkata,BRAHMAPUR NEAR BANSDRONI,No,Yes,23,bachelor(male),lease,No,Unfurnished,apartment,No,7000,155000
2,900,kolkata,Kasba,Yes,No,22,bachelor(female),rent,No,Unfurnished,apartment,Yes,7500,202900
2,1250,kolkata,tollygunge Kabardanga,Yes,No,20,bachelor(female),rent,Yes,Unfurnished,apartment,No,8500,82000
2,700,kolkata,Naktala,Yes,Yes,29,bachelor(male),lease,No,Unfurnished,apartment,No,12000,87500
1,850,kolkata,safuipara,No,No,19,bachelor(female),rent,Yes,Unfurnished,independent house,Yes,8500,266000
2,550,kolkata,Annapurna Apartment,No,Yes,35,family,lease,No,Unfurnished,apartment,No,9500,85000
2,550,kolkata,Park Circus,Yes,No,21,bachelor(female),rent,Yes,Furnished,apartment,No,7500,140200
2,1200,kolkata,Belghoria,No,No,23,bachelor(female),lease,No,Unfurnished,independent house,Yes,12000,151500
3,1100,kolkata,Haridevpur,Yes,Yes,30,family,rent,Yes,Unfurnished,independent house,No,20000,157500
2,7000,kolkata,Bhawanipur,No,Yes,25,bachelor(female),lease,No,semifurnished,independent house,Yes,18000,154000
